record_type,reference_designator,source_proposal_quantity,manufacturer,mpn,description,package,provenance,verification_status,alternatives_or_conflicts
candidate,U1,1,NXP,MIMX8MN4DVTJZAA,i.MX 8M Nano processor,BGA-486,archive/historical-proposals/component-selections.md; archive/historical-proposals/yadiggg_hardware_and_electrical_integration.md,unverified-proposal,Same processor appears in both proposals; suitability and package/board design not verified
candidate,U2,,NXP,MIMXRT1015DAF5B,Cortex-M7 co-processor,LQFP-100,archive/historical-proposals/component-selections.md,unverified-proposal,Conflicts with LPC55S69 mentioned in archive/historical-proposals/yadiggg_hardware_and_electrical_integration.md
candidate,,,NXP,LPC55S69,Co-processor candidate,,archive/historical-proposals/yadiggg_hardware_and_electrical_integration.md,unverified-proposal,Conflicts with MIMXRT1015DAF5B; no reference designator, package, or exact ordering code established
candidate,U3,,NXP,BD71850MWV,Power management IC,QFN-56,archive/historical-proposals/component-selections.md,unverified-proposal,Conflicts with PCA9450B and AXP209 alternatives in archive/historical-proposals/yadiggg_hardware_and_electrical_integration.md
candidate,,,NXP,PCA9450B,Power management IC,,archive/historical-proposals/yadiggg_hardware_and_electrical_integration.md,unverified-proposal,Alternative to BD71850MWV and AXP209; no selection approved
candidate,,,X-Powers,AXP209,Power management IC,,archive/historical-proposals/yadiggg_hardware_and_electrical_integration.md,unverified-proposal,Alternative to BD71850MWV and PCA9450B; no selection approved
candidate,U4,1,Micron,MT53E512M32D1ZW,2 GB LPDDR4 memory,WLCSP,archive/historical-proposals/component-selections.md,unverified-proposal,Conflicts with MT53D256M32D2DS (1 GB) in archive/historical-proposals/yadiggg_hardware_and_electrical_integration.md
candidate,,1,Micron,MT53D256M32D2DS,1 GB LPDDR4 memory,,archive/historical-proposals/yadiggg_hardware_and_electrical_integration.md,unverified-proposal,Conflicts with MT53E512M32D1ZW (2 GB); reference designator, package and board compatibility unverified
candidate,U5,1,Micron,MTFC16GAPALBH-IT,16 GB eMMC storage,FBGA-153,archive/historical-proposals/component-selections.md,unverified-proposal,Conflicts with MTFC32GAPALNA (32 GB) in archive/historical-proposals/yadiggg_hardware_and_electrical_integration.md
candidate,,1,Micron,MTFC32GAPALNA,32 GB eMMC storage,,archive/historical-proposals/yadiggg_hardware_and_electrical_integration.md,unverified-proposal,Conflicts with MTFC16GAPALBH-IT; reference designator, package and board compatibility unverified
candidate,U6,1,ESS Technology,ES9218PC,Audio DAC,QFN-40,archive/historical-proposals/component-selections.md; archive/historical-proposals/yadiggg_hardware_and_electrical_integration.md,unverified-proposal,No validated audio architecture, datasheet review, or schematic
candidate,U7,1,Texas Instruments,LP5907MFX-3.3,Low-noise LDO,SOT-23-5,archive/historical-proposals/component-selections.md,unverified-proposal,No rail requirements or schematic verification
candidate,MK1,1,Knowles,SPH0641LM4H-1,Digital MEMS microphone,LGA-5,archive/historical-proposals/component-selections.md,unverified-proposal,Conflicts with SPM0404UD5 proposal in archive/historical-proposals/yadiggg_hardware_and_electrical_integration.md
candidate,MK2,1,Knowles,SPH0641LM4H-1,Digital MEMS microphone,LGA-5,archive/historical-proposals/component-selections.md,unverified-proposal,Conflicts with SPM0404UD5 proposal; microphone count/interface not approved
candidate,,2,Knowles,SPM0404UD5,Digital PDM microphone,,archive/historical-proposals/yadiggg_hardware_and_electrical_integration.md,unverified-proposal,Conflicts with SPH0641LM4H-1 proposal; no reference designators/package validated
candidate,U8,1,Texas Instruments,DRV2605LDGSR,Haptic driver,VSSOP-10,archive/historical-proposals/component-selections.md; archive/historical-proposals/yadiggg_hardware_and_electrical_integration.md,unverified-proposal,No selected actuator or validated haptics design
candidate,DISP1,1,Sharp,LS027B7DH01,Memory LCD,FPC connector,archive/historical-proposals/component-selections.md,unverified-proposal,Display intent only; exact display selection, electrical interface, and mechanical fit remain unresolved
candidate,ANT1,1,Johanson Technology,2450AT18A100E,Chip antenna,SMD-1206,archive/historical-proposals/component-selections.md; archive/historical-proposals/yadiggg_hardware_and_electrical_integration.md,unverified-proposal,Wireless architecture and RF layout are not selected or validated
candidate,XTAL1,1,Kyocera,CX3225SB24000D0,24 MHz crystal,SMD-3225,archive/historical-proposals/component-selections.md,unverified-proposal,No circuit or load requirements verified
candidate,XTAL2,1,Seiko Epson,FC-135 32.7680KA,32.768 kHz crystal,SMD-3215,archive/historical-proposals/component-selections.md,unverified-proposal,No circuit or load requirements verified
candidate,,,ON Semiconductor,AR1335,Image sensor,,archive/historical-proposals/yadiggg_hardware_and_electrical_integration.md,unverified-proposal,Camera is unresolved; no module/lens/driver/connector design or exact package specified
candidate,,,Dongwoon,DW9714,Voice-coil motor driver,,archive/historical-proposals/yadiggg_hardware_and_electrical_integration.md,unverified-proposal,Camera proposal only; no validated sensor/lens assembly
candidate,,1,Custom,LP503759-1500,Li-polymer battery pack,,archive/historical-proposals/yadiggg_hardware_and_electrical_integration.md,unverified-proposal,Capacity/chemistry/pack protection/mechanical fit not verified
